ssid,dgsolv
FC(F)C.Fc(ccc1N(=O)=O)cc1O,-7.92711022
COCCOCCOCCOC.CC(C)C(CC1C(C)=O)CC=C1C,-8.43126767
COC(OC)=O.O=C(OCCc1ccccc1)Cc2ccccc2,-13.25053944
N1CCCCC1.CCC1(CC)C(=O)NC(=O)NC1=O,-16.1811543
CCCCOCCCC.C(C=Cc1cc2)c1cc2,-6.47206662
ClCCCl.OCCNCCO,-8.70833628
c1ccccc1.CC2C(C)(C)C1=C(CCCC1=O)C2(C)C,-11.06037753
CCCCCCCCCCCC.Nc(ccc1O)cc1N(=O)=O,-8.00958449
COCCOCCOCCO.ON(C)C,-5.38114286
FC(F)C.CCC(Cl)N(=O)=O,-6.02781764
COc1ccccc1.CC1=CC(CCC1)=O,-7.88758197
CN1CCCCC1=O.SC(S)=S,-8.1325231
OCC(O)CC.FC(F)(F)C(F)(F)C(F)(C(F)(F)F)C(F)(F)C(F)(F)F,-0.20869031
CC(C)(C)Cl.COc(ccc1N)cc1C,-9.10096745
c1ccccc1.CCCN(CCC)c1c(cc(C(F)(F)F)cc1N(=O)=O)N(=O)=O,-14.06927175
CI.COc1c(C(O)=O)c(Cl)ccc1Cl,-11.14757665
CC(OCc1ccccc1)=O.OC(N)C(Cl)(Cl)Cl,-8.40222719
CCOc1ccccc1.FC1OC(F)(F)OC1(F)C,-4.121138
CCCCCC.Cn1cccc1,-4.5862196
Fc1ccccc1.Fc1cccc(F)c1C#N,-7.18037516
OC(C)=O.Oc1ccccc1S,-8.38459304
n1ccccc1.FCOCCCC,-4.70221323
COC.n2nc1ccccc1cc2,-10.30548387
N#CCc1ccccc1.CCCCCCCCCCON=C1CC=CCC1,-11.7433132
O=Cc1occc1.OC(=O)c1occc1,-10.03794847
CCOP(OCC)(OCC)=O.CC(=O)NC(=O)NC(C)=O,-13.01591568
C(CCc1cc2)Cc1cc2.c(ccc1c(c6)c2c4c3c6cccc3c5)cc1c2ccc4c5,-15.72257086
N#CCCCC#N.COc1cccc(C(O)=O)c1OC,-12.36874582
ClCCCl.CCC(C)(C)OC(C)=O,-6.17403407
ClB(Cl)Cl.C1CSCSC1,-7.17558331
OCCCCCCC.CCC(CC(C)(C)c1ccccc1)=O,-9.21887516
CCCCC=C.NC1NNNN1,-6.23104638
C=CC=C.CSCCCCC#N,-9.1196649
Cc1ncccc1C.OCC(OC1(O)CO)C(O)C1O,-17.08741147
C(CC2)CCC2c1ccccc1.CC=Cc2cc1OCOc1cc2,-8.35186327
CCCCCCCl.CCC(Cl)(Cl)N(=O)=O,-5.73558125
Cc1ncccc1C.Cc2cc1CCCc1cc2,-6.86300975
N#Cc1ccccc1.OC1CCC1,-5.44163955
ClCBr.CC1(C)COP(C)(OC1)=O,-12.39169745
O(Cc2ccccc2)Cc1ccccc1.FCC(OC)C(F)(F)C,-4.34086693
OCCCO.O=C(C2(C3)CC(CC1C2)CC3C1)N,-12.02992895
Brc1ccccc1.CC(=O)c(cc1)ccc1F,-7.44402475
CCCCCCCCCCCCC.O=C5C6CN(CC5CN(C6)C(c4ccccc4)c3ccccc3)C(c2ccccc2)c1ccccc1,-22.52891902
CCC(C)=C.CSc1cnccn1,-7.1707996
CC(C)CC(C)C.CC(=O)c(cc1)ccc1Cl,-7.13058147
CCC(C)c1ccccc1.CCNc(ccc1)cc1C,-7.93571949
OCc1occc1.FC(F)(C)C(F)(F)Cl,-2.43530681
ClC(Cl)C(Cl)Cl.Clc1cc(cc(c1Cl)S(=O)(=O)N)S(=O)(=O)N,-19.44431546
S=C=S.CCCCC(CC)CC,-6.17310486
CCCCNCCCC.FC(O)Cl,-7.13153032
COc1ccccc1.C(CCC3)CCCC3(C4(CCCCCCC4)c2ccccc2)c1ccccc1,-18.32186188
CC(=C)C#C.CC(C)CCCC(C)C(=C)C=O,-8.56192003
CCCOCC(O)C.CC(CCC1CC2)=CC1=CC2=O,-10.69706907
BrCCBr.CCOC(CF)C(F)(F)C(F)(F)F,-4.27209381
CC(C)c(cc1)ccc1C.CCC(O)(C)CCC=C(C)C,-8.10709272
CCCCN(CCCC)C=O.FC(F)(F)OCC(C(F)(F)F)C(F)(F)F,-4.06656391
FC(F)(F)C(F)(F)C(F)(F)C(F)(F)C(F)(F)C(F)(F)C(F)(F)C(F)(F)F.CCOC(F)(OC)C(F)(F)F,-2.76919981
NCCN.CCCCCC=CCO,-7.8585218
CCNCC.CCc(cnc1C(=NC2(C)C(C)C)NC2=O)cc1C(O)=O,-18.15696676
Cc1ccccc1N(=O)=O.Cc3c1CCc(c1c5cc3)c4ccc2ccccc2c4c5,-15.45012319
C(CCc1cc2)Cc1cc2.CCCCCC(=O)N1CCOCC1,-10.3268919
CC(C)c(cc1)ccc1C.CCCCCCCCCCBr,-8.92242067
CCC#N.OC(C)(C)Cc1ccccc1,-8.87333153
COc1ccccc1.CCCC(F)C(F)F,-4.15201372
CCCCCCCl.COC(=O)c(cc1)ccc1O,-9.42629974
OCCCCCCCC.Cc(nc1C)sc1C=C,-7.64670732
CCI.ClSC(F)(Cl)Cl,-4.72600104
N#Cc1ccccc1.Cc1nc(C)c(C)nc1C,-7.9815222
CC(C)OC(C)C.CC(C)(C)C(OCCC(C)=C)=O,-7.07082677
C1OC1.O=C2C=Cc1ccccc1N2,-12.41224375
CC(C)CCCC(C)CCCC(C)CCCCC(C)CCCC(C)CCCC(C)C.OCCNCCO,-4.94643324
CO.FC(F)C(F)(C(F)F)C(F)F,-3.30606374
C1OCCOC1.FC(F)(F)C(F)(F)C(F)(F)C(F)(F)C(F)(F)C(F)(F)C(O)=O,-9.65984754
CCc1ccccc1.BrCCC(O)=O,-6.66247566
CCCCN(CCCC)C=O.CCC=Cc1ccccc1,-7.32058064
N#CCCCCC#N.Cc(cc1C)nn1C,-6.65485545
CCCCC(CO)CC.Oc2ccccc2C(=O)c1ccccc1,-10.52893707
CCCC.CNS(c1ccccc1)(=O)=O,-8.5008937
CC(C)(C)CC(C)CC(C)(C)CC(C)(C)C.CC(C)C1CC1,-3.11336737
CC(CC1)CS1(=O)=O.CCC(CC)=O,-4.51853949
CCOP(OCC)(OCC)=O.COc1cc(OC)ccc1,-7.67486018
Clc1ccccc1.COC(CCC#N)=O,-7.76970775
C#N.O=C1CCCCC1=O,-11.19619193
CCC(O)CC.CCCC(O)Cl,-8.1957835
OCCCCCCCCC.CC(C)(Cl)Br,-4.40637718
OCCCCC.S(SC1=NC2=CC=CC=C2S1)C1=NC2=CC=CC=C2S1,-17.13169068
CC(=O)c1ccccc1.CC(C)COC(=O)N,-7.69932144
Cc1ccccc1N(=O)=O.c(ccc41)cc1ccc3c4[nH]c5c3ccc2ccccc52,-17.70606518
Ic1ccccc1.CCC(C)C(F)(F)C,-4.33412493
N1CCCC1.Cc1nc(C)sc1,-6.61440125
CCC(C)=O.Brc1ccc(cc1C)NC(=O)N,-15.94949283
ClCBr.Clc1ccc(N=C=O)cc1Cl,-8.82714192
CCCCCCCCN(CCCCCCCC)CCCCCCCC.COc6ccc(cc6)N=P(N5CCCC5)(N4CCCC4)N=P(N3CCCC3)(N2CCCC2)N1CCCC1,-21.13262773
Cc1nc(C)ccc1.ICl,-3.91791971
OCCCC.FC(F)C(Cl)(Cl)C(F)F,-3.92332611
CC(C)(C)CC(C)CC(C)(C)CC(C)(C)C.CCOc1cc(ccc1C(OC)=O)NC(C)=O,-11.3211653
CCNC(C)=O.FC(F)(F)C(F)CC(C)C(F)(F)F,-4.285
O=S=O.CCSC,-4.54511974
CCC(C)Cl.NCC(F)CC,-4.84084102
NCCC.CCC(C)(C#C)OC(=O)N,-11.59787324
CC1OC(OC1)=O.FCC(OC)C(F)C(F)(F)F,-4.49349534
CN1CCCC1.CC(C)C(F)(C)C,-4.30643164
CCCCN(CCCC)C=O.Cc1ccc(C=O)cc1,-7.60691681
CNC(C)=O.OC(C)(C)CCCC(C)CC=O,-11.23367413
Clc1ccccc1.CCNCCNCC,-6.38261
CCCCC(CO)CC.CN(C)C=NC#N,-10.32131508
CCCCOCCCC.CC1CCC2C1CC(CCC2(O)C)C(C)=C,-10.9720363
CCc1ccccc1.COC(F)(F)C(F)(F)Cl,-3.38969401
CCC#N.CCOC(CCl)=O,-6.63508813
CCNC(C)=O.Fc1ccc(F)c(C)c1F,-4.518637
CCCCC(CC)=O.C#CCN(CC#C)CC#C,-7.31630426
CCCCOCCCC.Cc1ccc(cc1)S(=O)(=O)NS(c(cc2)ccc2C)(=O)=O,-18.6636396
OC(C)=O.FC(C)C(F)(F)Cl,-2.86392937
CCC(C)C.CCC1=CCCC1,-4.6960955
Cc1ccccc1.CCCCCCCCCC1CCCC1,-9.40637256
CCCCC(C)=O.CC(C)(Cl)C=O,-5.16964722
CC1CCCC1.N=C1NC2=C(N=CN2)C(OCC2=CC=CC=C2)=N1,-14.41309382
CCCl.C=CCOC(COC1CCCCC1)=O,-10.5506605
OCCCCCC.CCCC(F)(F)O,-6.81847812
COc1ccccc1.ClC(C#N)=CC#N,-6.25474095
COC(C)(C)C.OCc2cc1OCOc1cc2,-9.77597425
C(CC2)CCC2c1ccccc1.CC1(C)C(CC1CC2OC(C)=O)C2=C,-8.34314531
CCCCCCC=C.CCC(C)S,-4.14723788
CCCCN(CCCC)CCCC.c2nc1nc[nH]c1cc2,-11.41112483
CCCCC(CO)CC.CCOC(=O)C(C#N)c(c(F)c1F)c(F)c(F)c1C(F)(F)F,-9.46813791
OCCOCCOCCCC.COC(F)(F)CCl,-4.30611366
CC(C)(C)CC(C)CC(C)(C)CC(C)(C)C.FC(F)(F)N(C(F)(F)F)CC=O,-3.21569296
COP(OC)(OC)=O.OC(C)(C)CCC1CCCCC1,-8.82079312
CCCCCl.CNS(c1ccccc1)(=O)=O,-11.34859562
Cc1ccccn1.OC(C)(CC=C)CC=C,-7.79377922
Fc1ccccc1.COC(=O)Cc1ccccc1,-8.45849158
CC(C)(C)c1ccccc1.FCC(F)(F)OC(F)(F)C,-3.53967827
CCCCCCC.FC(F)(F)c(cc1)ccc1N,-6.19656625
CC(C)c1ccccc1.NC1=NNC2=CC=C(C=C12)C1=CC=CC=C1,-13.96801518
CCI.CC2Cc1ccccc1CC2,-7.95540296
OCCc1ccccc1.CCC(F)(F)C(F)(C(F)(F)F)C(F)(F)F,-2.5637756
CCCCCCCCCCCCCCC.COC(C(C)C)=N,-3.8118468
CC=O.COc1cc(C)cc(OC)c1O,-10.93396209
CO.NCCCCCCCCCCCC,-9.81171337
FCCCCCCCC.CC(C2)OC(OC2(C)C)Cc1ccccc1,-10.37572242
CC(OCc1ccccc1)=O.Oc1ccc(O)c(C)c1C,-12.20497941
CC(Cl)Cl.OC(=O)c1ccccc1O,-8.49670471
OCCOCC.Nc3ccc(Nc1ccccc1)c4c3C(=O)c2ccccc2C4=O,-19.95884635
OCCCO.OC(C)COCC(C)OCC(O)C,-11.50694274
CCNC(C)=O.CCCCCC1OC(CCC1C)=O,-10.5363038
CCC(O)CC.N#CC(c2ccccc2)=C1CCCCC1,-11.21016067
CN(C)P(=O)(N(C)C)N(C)C.FCC=O,-3.98334695
C(c2ccccc2)c1ccccc1.FC(F)(F)CCC(F)(F)O,-4.10596431
CCCCN(CCCC)CCCC.COC(F)(F)C(F)(F)F,-1.8139073
Cc1ccc(C)cc1.Clc1cc(ccc1)NC(C)=O,-10.6295371
CCCCCCCC=C.CC2(C)C(C1(C)CC2CC1)OC(C)=O,-7.52494113
Cc1cccc(C)c1C.CCCOCC(O)C,-5.77118407
ClC(Cl)(Cl)Cl.CC(CCC(C)=C)=C,-5.19309096
C1OC1.CC(=O)c1ccccc1C,-8.20242084
CCCCCCCl.OC(=O)Cc1ccccc1,-8.42592578
OC(C)(C)C.CSSCc1occc1,-7.51133023
Cc1cccc(C)c1C.CC1=CC=CN2C(=O)C(=CN=C12)C1=NNN=N1,-15.88683332
CC(C)(C)c1ccccc1.Clc1cccc(Cl)c1Cl,-7.4259862
C1OC1.CCOC(CF)CF,-5.92467105
OCCCCC.CNc1cccc2c1C(=O)NC2=O,-11.98973441
O=N(c1ccccc1)=O.CC1=C(C)NC(S1)=S,-12.49632396
ClCBr.CCCC(C)C(OCC(COC(C(C)CCC)=O)(COC(C(C)CCC)=O)COC(C(C)CCC)=O)=O,-23.61190908
OCCC(C)C.Cc1ccccc1N(C)C(C)=O,-9.75465009
Oc1cc(C)ccc1.FC(F)(F)C(O)OC(C(F)(F)F)=O,-4.87349511
COC.CC1CCC(C)C1=O,-6.45833642
CCCCCCCl.CC1(C)CC(CC(C)(C1)CN=C=O)N=C=O,-10.97237493
CCCN(=O)=O.Brc1cc(C#N)ccc1,-8.92741891
C(CC2)CCC2c1ccccc1.Cc1ccc(cc1Cl)NC(=O)N(C)C,-12.35024026
C(CC2)CCC2c1ccccc1.CCN(CC)C1CCCCC1,-6.99033716
c1cscc1.CCOCCC#N,-7.58154894
O=S1(CCCC1)=O.CCc(ccc1C)cc1C,-5.16883723
CCC#N.OC(CCCN4CCC(CC4)C(O)(c2ccccc2)c1ccccc1)c3ccc(C(C)(C)C)cc3,-26.58312317
O=CN.OCCNc1ccccc1,-10.37088493
OCCCCCCCCCC.CC(C)C(Cl)C(F)(F)F,-3.8195149
Brc2c1ccccc1ccc2.OCC1CCCC1,-5.66297246
O=C1CCCCC1.Nc1ccc(Cl)c(Cl)c1Cl,-11.77014077
CCOCC.OC(=O)c1cc(O)ccc1O,-14.94966291
Ic1ccccc1.O=C1NC2=C(NC=N2)C(=O)N1,-12.73859137
CCCCCl.CCCCCC(CC)=O,-6.79974865
CCOC(CCC)=O.c2nc1cc[nH]c1cc2,-11.12913863
OC1CCCCC1.C=CC1OC(OC1)=O,-7.61681724
O=C1CCCCC1.CC(=O)c1cscc1,-8.37114809
CNc1ccccc1.OC(=O)C#C,-6.13292545
Oc1cc(C)ccc1.COc1ccc(CC=C)cc1OC,-10.00765518
OCCN.CCCC(C)CC(C)C,-2.61827721
FC(F)(F)C(F)(F)C(F)(F)C(F)(F)C(F)(F)C(F)(F)C(F)(F)F.CC1CC=CC2=CC(=O)C(CC21C)=C(C)C,-7.20821667
CCCCC.Clc1cccc(Cl)c1C#N,-7.48432954
CC#N.BrC(Br)=C(Br)Br,-6.90605586
OCCCCCCC.Nc2nc1[nH]cnc1c(N)n2,-15.40686011
COc1ccccc1.NNC(=O)NN,-8.14835315
OCCO.CC=CCC(C)=O,-4.9528555
CC(C)(C)CC(C)=C.O=C1N=C(N)C=CN1,-9.72879174
CCCOCC(O)C.ClCCCC(C)Cl,-6.30567748
CCCCOCCCC.Oc2cccc3c2C(=O)c1ccccc1C3=O,-11.7896896
OCCCO.S,-2.17221585
CCOCC.CN(C)P(=N)(N(C)C)N(C)C,-8.04973688
CNC(C)=O.CNC(=O)NN,-10.90271457
CC(C)C(C)C(C)C.OC(C)CCC=C,-4.76139745
Ic1ccccc1.CNC(C)C(C)(C)C,-5.08274744
Clc1ccccc1.COC(F)(F)C(C(F)(F)F)=O,-3.29207991
CCCCCCCCCCCC.N#CC(c1ccccc1)=O,-6.20983966
CCCCCCCCCCCCCC.CC(C)C2C1C=C(C)CC=C1C(C)CC2,-9.15580878
Ic1ccccc1.CC(=O)N1CCCC1,-8.45450809
CC(Br)Br.SCCCCCCS,-8.99106374
CCCCCCCC(OC(COC(CCCCCCC)=O)COC(CCCCCCC)=O)=O.FC1CCCNC1,-4.79618189
NCCN.CCC(C)(C)C(Cl)=O,-3.67644617
CCC(C)(C)C.N#Cc1ccccc1,-5.98115417
OCCOCCOCCO.OCCCCC,-5.92444765
OCC(O)CC.FC(F)(F)CC(F)(F)C,-2.85173933
CCCCOCCCC.CC(=O)c(cc1cc2)oc1cc2,-8.4685244
ClC(Cl)C(O)=O.Clc2c(Cl)c(Cl)c(c(Cl)c2Cl)c(c(Cl)c1Cl)c(Cl)c(Cl)c1Cl,-13.88930762
CNc1ccccc1.COc2cc1OCOc1cc2CC=C,-9.69235763
ClC(Cl)=C(Cl)Cl.OC(C)COC(C)(C)C,-5.9205096
COP(OC)(OC)=O.FC(F)(F)C(F)C(C)(C(F)(F)F)C(F)(F)F,-3.4829572
O=N(c1ccccc1)=O.CCCCCCCC(OC(C)CCC)=O,-9.10238495
CCCCN(CCCC)C=O.O=NN1CCN(CC1)N=O,-11.00928543
C(c2ccccc2)c1ccccc1.OC(CNCCC#N)=O,-10.66552734
CCNC(C)=O.CSc1ccc(C(C)=O)cc1,-10.56705648
OC(C)=O.BrCC(F)(F)Br,-4.59649926
CCCC(C)CC.Clc1ccccc1c(cccc2Cl)c2Cl,-10.51403713
CC(C)N(=O)=O.FC(F)C(F)C(F)C(F)(C(F)(F)F)C(F)(F)F,-4.08334811
Ic1ccccc1.COCC(C)Cl,-4.91084381
CCCC(C)CC.Cc(ccc1C)cc1C,-6.18111712
OCCC(O)C.CCCCCCCCCCCCCCCC(OCC)=O,-10.14856428
CCOc1ccccc1.OC(=O)Cc(cc1)ccc1N,-11.61608924
NCCCN.Oc1c(C)c(C)c(O)c(C)c1C,-14.78150879
CCCCCCCl.CCC1(C)CC1,-3.39483053
CCCCNCCCC.CC1(CCC2)CCC2(C)C1=NO,-10.39263877
Brc1ccccc1.Cc1cccc(C)c1N,-7.84364645
CC1OC(OC1)=O.C(c2occc2)c1occc1,-7.37516649
OCCCCC.CC(C)C(F)(C(F)(F)F)C(F)(F)C(F)(F)F,-3.32686509
ClC(Cl)(Cl)Cl.NNc2c1ccccc1cnn2,-11.60345374
CC(Cl)(Cl)Cl.O=CCCc1ccccc1,-8.74727003
CC(C)C(C)C(C)C.Fc3c(F)c(F)c(Nc2c1ccccc1c(cc2)N(=O)=O)c(F)c3F,-13.23207993
CNC=O.OCCCS,-8.22531712
NCCN.CCc(cnc1C)nc1CC,-5.87935816
CCCCCCCCCCCCCC.CCN(CC)c1ccc(N=O)cc1,-8.69365845
NCC.N#N=O,-1.30256885
CCCCNCCCC.FC(F)(F)OCC(F)(F)C(F)(F)C(F)(F)F,-2.86517205
OCCCC.CC1C=C(C)CCC1C=O,-6.71005888
Cc1cc(C)cc(C)c1.CC(C)CCCCCCCCCCC=O,-11.03899898
CCCCNCCCC.Oc1ccc(cc1)N(=O)=O,-14.36587793
CC(C)c(cc1)ccc1C.O=C1CCCCCCCCCCCCCCCC1,-13.28316907
OCCCCCCC.CC(C)COC(CCC)=O,-5.97443696
CCCCC=C.CCCCSSCCCC,-8.37492664
CN1CCCC1=O.FCCC(Cl)(Cl)Cl,-5.91932059
CCCCC.CCCOC(=O)Nc1ccccc1,-9.08884088
COCCOCCOC.CN(C)C=NC#N,-11.8859324
O=N(c1ccccc1)=O.O=C(C2(C3)CC(CC1C2)CC3C1)N,-11.42955037
FC(F)(F)C(F)(F)C(F)(F)C(F)(F)C(F)(F)C(F)(F)C(F)(F)F.FCCOC(F)(F)C(F)F,-2.76077145
CCN(=O)=O.CC(OCC1CC=C(CC1)CCC=C(C)C)=O,-10.97108328
CN(=O)=O.FC(F)OCC(F)(F)C(F)(F)F,-2.88719013
CCOCC.CN(C)c1ccc(cc1)N=CN(C)C,-12.13269614
C1OCCOC1.C=CCOC(=O)C(C)=C,-6.09793288
CCCC.c1nocc1,-3.59031992
CCCCN(CCCC)CCCC.c(cc1)ccc1c3c2ccccc2ccc3,-10.93931357
CCCCCCCl.CC1=C(C=CC=C1)C1=CC2=C(N1)C=CC(=C2)C(N)=N,-17.43996717
COC(C)=O.CCOCCOC(=O)C=C,-7.40407562
FC(F)(F)C(F)(F)C(F)(F)C(F)(F)C(F)(F)C(F)(F)F.Clc1cc(Cl)cnc1,-4.53296439
OCCS.CSC(F)Cl,-4.43044266
CN1CCCC1.O=COCCc1ccccc1,-8.3651144
O(Cc2ccccc2)Cc1ccccc1.OCC(C)Cl,-5.17859985
CC(=O)c1ccccc1.CCOCC1OC1,-5.33613589
CCCCC=C.CN1CCC=C1C,-4.93759878
CC(C)C(C)C.CCOC(CC)OCC,-5.15281688
CCCl.OC(=O)C(C1=CC=CC=C1)C1=CC=CC=C1,-13.47686823
ClC(Cl)Cl.CCCC(C)C(C)CC,-5.73488253
CC#N.CCOc1ccccc1C(O)=O,-12.36389795
CC(C)CCCC(C)CCCC(C)CCCCC(C)CCCC(C)CCCC(C)C.COC1=CC=CC(CC2=CNC3=C2C=CC=N3)=C1,-11.84459365
CCC=C.FC(F)(C)C(F)(F)C(F)(F)C,-4.0746271
CC(C)(C)c1ccccc1.CCC#CC,-3.3048382
CC(Cl)(Cl)Cl.O=C1NCCC1,-7.72625884
FC(F)(F)C(F)(F)C(F)(F)F.OC(C)C(C)C=O,-3.42555429
BrC(Br)C(Br)Br.CCCCCOC(CCC)=O,-7.88641591
OCCCCCCCCCCCC.c(cc3)ccc3C(n1ccnc1)c4ccc(cc4)c2ccccc2,-18.77039532
CCCCC.CC(C)(C)C(C)=O,-4.34051608
C(C=Cc1cc2)c1cc2.CC1CCC(CC1)=C(C)C,-6.45957967
COC(C)(C)C.CC1CC(C)=CCC1C=O,-7.66827664
OCC(O)CC.O=O,0.36453693
NCCCN.OCCC(F)(F)F,-8.24258435
OCCCCCCCC.C(C(CC5C2C94)CC72C8C3C6CC(CC4C6C7)CC93CC51)C81,-11.46038135
N#CCCCC#N.COC1CCCCCCCCCCC1,-7.48872083
ClC(=C)C=C.CCOC(=O)c(ccc1)cc1N,-10.38244009
COC(CC#N)=O.ClS(Cl)(=O)=O,-4.45493939
OCCCCCCCCCCCC.Oc(cc1Cl)c(Cl)c(Cl)c1O,-10.35745468
COc1ccccc1.COC(C(C)C)C(F)(F)F,-4.42817807
N#CCCCC#N.Brc1ccncc1,-6.23512399
CCCCNCCCC.OC(CCC#C)=O,-8.71638908
CC(C)C(C)C.IBr,-4.00444252
CC(C)c1ccccc1.FCC(C)(C)C(F)(F)F,-3.3994227
Fc1c(F)c(F)c(F)c(F)c1F.CCC1(C)CC(=O)NC1=O,-8.02834252
N1CCCCC1.CN(C)S(c1ccccc1)(=O)=O,-10.73736775
O=C1CCCO1.FC(F)(F)C(O)(C(F)(F)F)C=O,-4.32250124
S=C=S.NNC(=O)C(=O)N,-6.12065358
C(CC2)CCC2c1ccccc1.Brc2ccc(cc2)N=C(c1ccccc1)Nc(cc3)ccc3Br,-19.27037045
CNC(C)=O.CN(C)Cc(ccc1)cc1F,-6.02664097
CN(=O)=O.OCCN(CC)c1ccccc1,-10.34095867
CC(Br)Br.FC(F)C(F)(F)C(F)(F)C(F)(F)C(F)F,-2.95708909
Cc1cc(C)cc(C)c1.CCCCCCC(C)C=O,-7.40420236
NCCN.CC(C1)CC(OC1(C)C)=O,-7.61618631
ClC(Cl)(Cl)Cl.FC=C,-1.02072722
CCCCCCCCCCCCCCC=C.CCOP(OCC)(OCC)=S,-7.83061006
N#CCc1ccccc1.O2CCOCCOc1ccccc1OCCOCC2,-14.6039842
N#CCCCCC#N.CC1(C)C(CCC21CS(O)(=O)=O)CC2=O,-16.55259239
OCCOCCCC.O=C(Oc2ccccc2)Oc1ccccc1,-11.30120431
C(CC2)CCC2c1ccccc1.CC2(C)CCC3C1(COC32C)CC(C)=CCC1,-10.64200701
ClCC(C)C.N#CCNCC#N,-9.23673092
OCCCCO.COCC(C)(C)C,-2.67581766
OCC(C)C.CCCc1ccncc1,-8.01921304
FC(F)(F)C(F)(F)C(F)(F)C(F)(F)C(F)(F)C(F)(F)F.CNC(C)Cc(cc1)ccc1O,-6.46975888
OCCOCCOCC.[11CH3]NC1=CC=C(C=C1)C1=NC2=C(S1)C=C(O)C=C2,-21.34694757
OCC(C)C.CCCOP(OCCC)(OCCC)=O,-10.82071382
CCC=C.CC(C)COCC(C)C,-5.68565957
N1CCCCC1.FCCC(F)(F)CCC,-4.81085868
CCOC(C)=O.C(COc1ccccc1)Oc2ccccc2,-13.27397177
CC(C)(C)Cl.CC1(C)CC=CC1,-4.29794579
Cc1ccccc1N(=O)=O.CCC#CC=C,-3.79736095
C(CC1)CCC1C2CCCCC2.O=c3c2ccccc2c1ccccc1c(=O)o3,-11.33370368
NCc1ccccc1.OC(C(O)=O)c1ccccc1,-15.7022999
CCCCCCC=C.FCOC(C)=O,-3.22197317
CCCCCCCCCCCCCC.CCCCCCCCCCCCCC=O,-10.20622847
O=C1CCCC1.Fc1cccn1F,-3.76722177
O=S=O.CCC(F)(C)C(F)(F)C(F)(F)C(F)(F)F,-3.87989556
ClC1CCCCC1.FC(F)Br,-2.72409034
ClC(Cl)Cl.Nc1ccc(C)cc1,-7.68015314
OCCC(C)C.COC(F)(C(F)C)C(F)(F)C,-4.50645859
CN1CCCC1=O.CCN1CCOCC1,-5.84512143
Brc2c1ccccc1ccc2.OCC(Cl)CO,-6.01012386
c1cscc1.ClC(OCC=C)=O,-5.69691312
CCOC(C)=O.C=CN(=O)=O,-5.34497956
ClC(Cl)=C(Cl)Cl.CCC(C)CBr,-5.09631291
CC(C)C(C)C(C)C.ClC(Cl)CC(F)(Cl)Cl,-5.68804345
CCC(O)CC.CC2Cc1ccccc1CC2,-7.27407625
C1CCCC1.CCOc(ccc1)cc1C,-7.06428747
OCc1ccccc1.CNCCC=C3c1ccccc1CCc2ccccc32,-14.31383632
CC1OC(OC1)=O.C1CC=CCC1,-3.09646019
ClC(Cl)(Cl)Cl.Oc1cc(C)c(C)c(C)c1C,-8.60601237
O(c2ccccc2)c1ccccc1.OP(O)C,-5.80114272
N#CCCCCC#N.CCC=C(O2)c1ccccc1C2=O,-9.60333748
CC1CCCCC1.CCOC(C)C(F)F,-3.72416683
CCOC(C)(C)C.COc1ccc(cc1)N=C=S,-9.33453042
CN1CCCCC1=O.CCC(C)CN(C)C,-4.35101482
ClC(Cl)C(Cl)Cl.FCCN(C)CCF,-6.66602571
CCOC(C)=O.OC(CCCC=C)=O,-8.72997457
CCCCOCCCC.CCCCCCCCCCCCCCCCCC=CC,-13.70382197
CCCCl.N#Cc1ccnnc1,-8.91169639
ClC(=C)C=C.ClC(CCC(Cl)=O)=O,-6.9576715
ClC(Cl)(Cl)Cl.CCCCc2sc1ccccc1c2,-9.99629732
CCCCCCCCCCC.CCCC=Cc1ccccc1,-7.56296893
C#N.CCCCC(CC)CNCC(CC)CCCC,-15.72019632
OCCCCC.CC(=O)c(cc1)ccc1O,-12.58828242
CCBr.NCc(cc1F)cc(F)c1,-7.19068493
CCCCCCCCCCCCCC.OCC(N)C,-3.45028892
CCOC(C)(C)C.O=C3OC(C2C3C1C=CC2C1)=O,-9.60945673
C(CC2)CCC2c1ccccc1.CCc1occc1,-4.50317052
OCCc1ccccc1.FS(C)(=O)=O,-5.70026572
O(Cc2ccccc2)Cc1ccccc1.CCC(C)C(C)(C)C,-4.24230287
OCCCl.FC(F)CC(N)C,-6.55338828
C1CCCC1.CCCC(F)(F)C(F)(F)O,-4.50101858
CCCCCCOC(C)=O.ClCC(F)(F)C(F)Cl,-5.0684886
CCCCC(CC)COC(CCCCC(OCC(CC)CCCC)=O)=O.FC(F)CC(C)(C)C,-3.83341214
CCOC(C)(C)C.COc(cc1O)cc(C)c1,-9.97208018
CCCCCC(C)=O.OCc1ccccc1O,-10.93924745
Cc1nc(C)ccc1.O=C2c1ccccc1C(O2)=O,-9.47859795
CCN(CC)CC.CCC(C)(C)C=N,-4.6177542
OCc1ccccc1.N#CCN1CCCCC1,-8.31577158
C(CC2)CCC2c1ccccc1.CCCCC(=O)c1occc1,-7.95552485
CC(C)c1ccccc1.NC(C)Cc(cc1)ccc1O,-9.19508805
CCOC(C)=O.CC(C)(Cl)C#C,-5.03142246
ICI.CC(C)COC(CCCCC(OCC(C)C)=O)=O,-12.87087575
CN(C)C=O.FC(F)(F)C(F)C(C)(Cl)C(F)(F)F,-3.87104765
Cc1ccccc1N(=O)=O.Fc1ncc(F)nc1,-5.02456709
COP(OC)(OC)=O.FC(F)(F)CCC(F)C(F)(F)F,-4.31724452
OCCCCC.FC(=C)C=O,-3.69053671
CCOCC.ClC1=CC(=O)C=C(Cl)C1=O,-8.27341053
C(CC2)CCC2c1ccccc1.FC(F)(F)C(F)C(F)(C)Cl,-3.4504855
CC(CC(C)=O)=O.Fc1cc(cc(F)c1)N(=O)=O,-6.786617
CCC(C)C.COc1cc(C(C)C)ccc1C,-7.85326674
CCC(C)c1ccccc1.CC(C)(C)C(C(C)(C)C)C(C)(C)C,-7.7744824
CNC=O.Oc(ccc1N(=O)=O)cc1O,-14.68769383
CC(OCc1ccccc1)=O.Cc1nccnc1C,-6.73335485
ClC(Cl)(Cl)Cl.CCOC(CO)OCC,-6.1523152
Brc1ccccc1.OCCOCCN,-7.51455505
n1ccccc1.FS(O)(=O)=O,-13.83223327
OCCS.O=N(=O)c(cc1)ccc1Nc2ccc(cc2)N(=O)=O,-21.28850592
S=C=S.FC(F)(F)N=C(F)F,-1.63424247
CCCCCN(CCCCC)CCCCC.CCc(cnc1)nc1C,-6.17578847
CCCCOC(=O)c1ccccc1C(OCCCC)=O.FC(F)(F)C(F)C(F)(F)N,-4.84746111
CN1CCN(C)C1=O.CCS(O)(=O)=O,-13.67453056
OCC(O)C.CN(C)C(C)=S,-7.56689679
CCCCl.CSc1nccnc1C,-8.24866154
CCCCl.COc1cc(C=C)ccc1O,-9.35002213
CC(=O)c1ccccc1.Cc2ccc(cc2)N=C(C)N(C)c1ccccc1,-12.99359204
O=CN.Clc3cc(Cl)c2Oc1ccccc1Oc2c3Cl,-8.42378393
CN(C)C=O.CN2c1ccccc1C(=O)C2=O,-12.12239232
OCC(O)CC.CCB(Cl)CC,-3.24258347
ClC(=C)C=C.OS(=O)(=O)C1=CC2=C(C=C1)N=C(N2)C1=CC=CC=C1,-19.54383004
CCCC#N.C=CCC1CCCCC1,-5.07901088
OCCC(C)C.OCc1cccnc1,-10.08604579
CC(C)CC(C)C.CC(OC(C)=O)OC(C)=O,-5.4605966
Brc1ccccc1.OC(C)(C)CCCC(C)C=C,-7.80790396
CCCCC(CC)COC(CCCCC(OCC(CC)CCCC)=O)=O.Nc1ccc(cc1N)N(=O)=O,-13.10057679
c1cscc1.O=CCCCC=O,-7.54031772
CCCCC(C)=O.CC(C)(C)CC=C,-3.63799472
C=CC=C.CCSCC(O)=O,-7.7745151
OCC1CCCO1.Fc1ccc(cc1)C(=O)NO,-11.5805689
CCCCl.FC(F)(F)OC(F)(C(F)(F)F)C(F)(OC(F)(F)F)C(F)(F)F,-1.94339532
FC(F)C.FC(F)OC(F)(F)Cl,-2.68846063
CCN(=O)=O.FC(F)(F)OC(C)C(C)(C)C,-3.95806825
Cc1ccccn1.FC(F)(F)C(F)=C,-1.76012726
CCCCCCC.CCOC(C)OCC,-4.50053708
CCCCCCC.O=C1C(=COC2=CC=CC=C12)C1=CC=CC=C1,-11.4968514
CCOC(C)=O.CCCCC(CCC)=O,-6.4891565
CCC(C)c1ccccc1.N#CSC#N,-4.46887565
CCCCCC.O=C1CCCCC1,-5.10929976
CCCCN(CCCC)C=O.Fc1ccccc1Cl,-5.70646386
CC(C)(C)c1ccccc1.CC32CCCC(C)(C2CCC(C3CC1)=CC1(C)C=C)C(O)=O,-14.52535202
CCCCCCCC=C.FC(F)(F)C(F)(F)C(O)(C)C(F)(F)F,-3.64248112
ClB(Cl)Cl.FC(F)(F)C(F)(F)C(F)C(F)(F)C(F)(F)C(F)(F)F,-2.76699031
CCCCCCCCCCCCCC.OC1CCCCCC1,-5.68399622
CCC(C)=C.FC(F)(F)C(C)C(F)(F)C(F)(F)F,-3.24272274
S=C=S.CCCCC#C,-4.10890271
Cc1ncccc1C.FCC(F)(C)OC,-4.10842679
CNC=O.OC=C(C)C,-6.52648104
Oc1cc(C)ccc1.C(Nc1cc2)Cc1cc2,-8.54463618
OC(C)C.CC1(C)C(CCC1(C)C(O)=O)C(O)=O,-16.14973496
CCC(C)C.CCCC(C)CO,-5.01497016
CCOc1ccccc1.CCC=NO,-5.02259091
OCCC(O)C.CCCOP(OCCC)(OCCC)=O,-9.57626884
OCCCCCCC.CC(C=O)Cc(cc1)ccc1OC,-9.3417167
CC1OC1.CN(C)CN=C,-4.87333267
O(c2ccccc2)c1ccccc1.FC(Br)=C,-2.52371342
CCCCC(CO)CC.FC(F)(CC1(F)F)C(F)C1(F)F,-3.36202911
Cc1ncccc1C.O=N(=O)c1sccc1,-8.50841055
CCOc1ccccc1.FC(C)C(F)(F)N(C)C,-5.16875632
OC1CCCCC1.O=C=NC1CCCCC1,-5.78354032
CCCCCCCC=C.Fc2c(F)c(F)c(c(F)c2F)c(c(F)c1F)c(F)c(F)c1O,-8.95382982
Clc2c1ccccc1ccc2.CCCCCCCCCCC(C)C,-8.10220382
ClCCCl.Fc1ccccc1C(=O)NO,-9.44919188
C(C=Cc1cc2)c1cc2.CC1CC(CCCCCCCCCCC(OC1)=O)=O,-13.99695782
CCOP(OCC)(OCC)=O.CC(OC2CC3C1CCCC1C2C3)=O,-8.55576636
Brc1ccccc1.O=C1SC=CS1,-7.27637025
CCCCCCCCBr.FCC(OC)C(F)(F)F,-3.31048414
OCCCC.CCc(cc1CC)cc(CC)c1CC,-8.39719623
OCCc1ccccc1.N#CC2(C#N)C1C=CC(C1)C2(C#N)C#N,-12.3442364
COP(OC)(OC)=O.FC(F)(F)OC(F)(F)C(F)(OC(F)(F)F)C(F)(F)F,0.65621304
COCCOCCOC.ClCCCN(C)C,-5.39916366
OCc1occc1.COP(OC)(OC=C(Cl)Cl)=O,-9.24035747
CCOC(OCC)=O.CN(N(=O)=O)N(=O)=O,-6.45005212
CCCCCCCCCCCC.CCCCCCCCCCC=O,-8.0659614
c2nc1ccccc1cc2.CCCCC(O)C,-7.05145096
CC#N.CC(C)(C)c1cc(C)ccc1O,-10.02852353
NCc1ccccc1.CC(C)CCOCCc1ccccc1,-9.07080571
C(CCc1cc2)Cc1cc2.OC(COC(C)=O)=O,-6.27128798
CCCCCCCl.ICI,-6.29556287
OCCCCCCCCC.CC(C)=CC=CC(C)=CC,-6.453365
OCC(C)C.CC(C)c1ccccc1O,-9.68891593
CCC1OC1.C=CCN=CN(C)C,-6.79857338
CCCCCCCCCCCCCCC.ClCC(C)CCl,-4.36000332
CN1CCCC1.CC(C)CCC(F)(F)F,-4.41619
ClC1CCCCC1.CC(C)OC(CF)C(F)(F)F,-4.64410483
CCC(C)=C.CCCCCOC(F)F,-5.02159853
COC(OC)=O.OCC(O)=O,-8.79191471
CCOC(=O)c1ccccc1.FC(C)(C)C,-2.8534566
ClCCCl.CCN1CCCC1,-4.87261984
CCCCCC.CCN(CC)P(Oc2ccccc2)(Oc1ccccc1)=O,-13.67504374
CCOC(C)=O.CC(C)C#N,-5.32644466
CC(C)(C)Cl.CCC(C)OC(F)(F)F,-3.6533777
C(c2ccccc2)c1ccccc1.CCOc1ccc(cc1)NC(C)=O,-11.97375423
Cc2c1ccccc1ccc2.CCCCCCOC(C(C)CC)=O,-8.2062372
CC(C)c1ccccc1.N#Cc1cscn1,-7.97110047
CCC(C)Cl.NN1CCOCC1,-6.70122748
CC(C)CC(C)(C)C.CN(C)CCC(=O)c1ccccc1,-8.96126956
CCI.CCC(F)(C)C(F)(F)F,-3.4373749
ClC(Cl)(Cl)Cl.OCCN1CCCC1=O,-8.56535962
CN1CCN(C)C1=O.FC(F)C(F)C(F)(F)C(F)(F)C,-5.09121093
Cc1cccc(C)c1C.CC1CSCC1,-5.55236746
NCCCN(C)C.CCCCOc1ccccc1,-7.69783498
OC(C)=O.OC(C)C1CC1,-6.92071409
O1CCCCC1.OO,-7.4542504
CCC1OC1.OCC1=CNC2=CC=CC=C12,-12.69563796
OCCCC.OC1=CC=C(C=C1)C1=CC2=C(S1)C=C(O)C=C2,-20.93916637
CSC.CC(Cl)C#N,-5.96277226
CCCCOC(C)=O.COCC(OC)=O,-5.47500981
Cc1ncccc1C.CCC1CCCCC1C,-5.34967301
CCCCl.FC(F)(F)C(O)(C(F)(F)F)C(F)(F)F,-3.20172303
COC.CCCC(C)(C)CCC,-5.37578204
OC(C)=O.Clc1cc(Cl)c(Cl)c(c1Cl)N(=O)=O,-8.26534243
COCCOC.CCC(CC)N(C)C,-4.51903587
CC(C)CC(C)=O.CCC1(C)CCCCC1,-5.16266791
CCNC=O.CI,-3.7204539
CCCCCCCCCCCC.ONC(=O)c1ccccc1N(=O)=O,-8.12180916
CC(C)(C)CC(C)=C.CCCCC(C)C(OCC(COC(C(C)CCCC)=O)(COC(C(C)CCCC)=O)COC(C(C)CCCC)=O)=O,-20.54847764
CCC(O)CC.CCCOC(CC(C)C)=O,-6.1664162
CNC=O.Cc2nc1c(cccc1C)cc2,-8.0883897
CCOC(C)(C)C.CNNC,-3.65456133
CC(CC1)CS1(=O)=O.FCC(F)C(F)(C)Cl,-4.82316034
CC(C)C.CCC(C)C(CC)=C,-4.80671082
OCCOCCCC.CN3C(CCCC3CC(O)c1ccccc1)CC(=O)c2ccccc2,-18.85888832
COC.CCNCC(F)CF,-6.1957671
OCCCCCCC.OC(=O)c1c(cc(cc1N(=O)=O)N(=O)=O)N(=O)=O,-15.85871866
c1cscc1.CCCSCC,-5.8400418
CC(C)OC(C)C.COC(=O)c1ccccc1O,-7.91923204
CCNC(C)=O.COCC#C,-3.71989052
Cc1cc(C)ccc1.CCCCCCCCCCCCCC(OC)=O,-12.02131932
CNC(C)=O.Clc1cc(Cl)cnc1,-6.22849857
CC(CC(C)=O)=O.COc3cc(OC)c(C1=O)c(OC21C(OC)=CC(CC2C)=O)c3Cl,-20.792329
C1OCCOC1.Nc2c1ccccc1ccn2,-11.54173561
COCCOC.CC(C1)CC(CC1(C)C)=O,-7.54878631
COC(CC#N)=O.COc1ccccc1N,-8.38619889
O=S=O.CCCc1ccncc1,-8.11500766
COP(OC)(OC)=O.C=CCC=C,-2.54399681
CC(C)CCC(C)(C)C.CCC(Cl)C(F)(F)Cl,-4.26002006
CCCCCCCl.CCCCCCCC(C)OC(CCC)=O,-9.55991447
ClCCl.FCC(CF)(CF)CC(F)(F)F,-5.34015042
NCCCN.CC=C(C)C#C,-3.41791784
CC(OCc1ccccc1)=O.c(cc1)ccc1B(c3ccccc3)c2ccccc2,-12.83510878
ICI.c(cc1)ccc1c2ccccc2,-9.23298926
CCOC(C)(C)C.O=C(N)NC(=O)N,-10.04306287
COCOC.CN1CCCN(C)C1=O,-8.66793133
OCCCCO.CC(=O)Cc1occc1,-6.3404312
CCN(CC)C(C)=O.OC(=O)c(ccc1)cc1Br,-13.28507227
CCCCl.CO,-2.78443635
CS(C)=O.Sc2[nH]c1ccccc1n2,-15.68273356
OC1CCCCC1.C=CCSSSCC=C,-7.67587923
CCCCN(CCCC)CCCC.CC(C)(C)c1ccccc1O,-8.35274494
ICI.CCOCC1OC1,-5.72589407
CCC1OC1.FC(F)(F)OC(C(F)(F)F)C(F)(F)F,-2.9706641
CCCOCC(O)C.O=C1CCCCCC=CCCCCCCCCO1,-12.18892797
CCCCCCCCBr.FCC=CCl,-3.56268241
CCCCCCCCCCCCCCC=C.FC(C)OCC(F)(F)F,-2.72834127
CCN(=O)=O.FC(F)OC(F)(F)C(F)(C(F)(F)F)C(F)(F)F,-1.79765965
CN(C)P(=O)(N(C)C)N(C)C.CCCCN1CCCCC1C(=O)Nc2c(C)cccc2C,-15.05917863
CCCCCCCl.CCc1cc(CC)cc(CC)c1,-7.89857542
CCCCCC#N.COc(ccc1OC)cc1C(O)=O,-12.89470152
OCCCCCCCCCC.COc1ccccc1CO,-9.09890423
ClC(Cl)(Cl)Cl.CCC(F)(F)C(F)(F)C(F)(C(F)(F)F)C(F)(F)F,-3.86867106
COCCOCCOCCOCCOC.CCC(Cl)CCl,-5.45570388
CCCC(C)=O.CC=C1CCCCC1,-4.92420056
NC(C)C.c(ccc1cc2sc3)cc1cc2c3,-10.61454676
CC(=C)C#C.Cc(cc1C)cc(C)c1N(=O)=O,-9.36659385
FC(F)C(F)C(F)(F)F.C1NC1,-3.73529749
OCCCCCCCCCCCC.FC(F)(F)C(F)C(C(F)(F)F)C(F)(F)F,-3.0664012
O=CN1CCOCC1.SCc1sccc1,-7.98005711
CCCC#N.Fc1ccccc1N(=O)=O,-8.31970114
CCCC#N.CC(=O)c1cc(C)ccc1O,-8.74019002
Cc1cccc(C)c1C.OCC1CC(C)=CC(C)C1,-7.68345777
ClCCCl.FC(F)(F)S(=O)(=O)N=C(c1ccccc1)NS(C(F)(F)F)(=O)=O,-14.10731377
CCOCCOCCOCC.CCCCN(CCCC)CCCC,-6.61743525
CC(C)c1ccccc1.NC(N)C(C)(C)C,-5.23549872
Brc2c1ccccc1ccc2.CCOC(C(C)Cl)=O,-5.89930485
N1CCCC1.FC(F)OCOC(F)(F)C,-4.38913873
N#CCCCC#N.ClCC(C)(C)Cl,-4.67547494
Clc2c1ccccc1ccc2.FC(F)CCC(C)(C)C,-4.82909378
Ic1ccccc1.O=CNNC=O,-7.68458124
CC(Br)Br.OC(=O)c1cc(C(O)=O)ccc1,-10.88206193
CC#N.CB(C)N(C)C,-3.02142952
CNC(C)=O.COc1c(cc(cc1N(=O)=O)N(=O)=O)N(=O)=O,-13.42040574
CCCCCCCCCCCCC.FP(F)F,0.05298633
CCCCCCCCBr.CCC(C)(C)C(CC)(C#N)C#N,-8.50382421
OCC(C)C.CC1(C)OC(CC1C(O)=O)=O,-12.91754645
ClC(Cl)C(Cl)Cl.CN(C)C(=O)NN,-8.99916544
CCC(O)(C)C.O=C(Oc2ccccc2)C(Oc1ccccc1)=O,-12.48874231
CCCCCCCC.OCc1ccccc1C,-6.4901983
CC(C)CCC(C)(C)C.COC1=CC=C(\C=C\C(=O)OCCC(C)C)C=C1,-11.98832339
CCN1CCCC1=O.NC1=NC(CCC2=CC3=C(C=CN3)C=C2)=CC(=O)N1,-27.68359192
O=C1CCCC1.CCOC(F)(F)C(C(F)(F)F)C(F)(F)F,-4.64290653
SC.CC(CCC1C(C)=C)CC1OC(C)=O,-9.6110712
O1CCCCC1.CCOC(=O)c(cc1)ccc1N(C)C,-11.69490879
NCCC.CCCCCC=CCC=CCCCCCCCC(O)=O,-19.10776415
OCc1occc1.FC(F)OC(F)(C(F)F)C(F)F,-3.20537601
CCCCNCCCC.CCC(CC)=O,-4.28060492
CCc1ccccc1.Clc1ccc(Cl)cc1,-6.44589589
O=S1(CCCC1)=O.ICl,-3.54695494
CCCCc1ccccc1.FC(F)C(F)(F)C(F)(O)C(F)(F)F,-3.51518963
CC(C)C(C)C(C)C.FC(Cl)(Cl)C(Cl)(Cl)Cl,-5.45430953
CS(C)=O.C=Cc1cc(C=C)ccc1,-6.63863709
CC(C)c(cc1)ccc1C.CC(C)Cc1ccccc1,-6.56661725
CCOP(OCC)(OCC)=O.FC(F)C(F)OC(Cl)Cl,-6.30910963
ClC(=C)C=C.CNc1ccccc1C(O)=O,-9.10220084
COCCOCCO.CCCCCCCCCC(OC(C)C)=O,-8.03111709
C1CCCCC1.FC(F)(F)C(O)(C)C,-3.20300946
CCCCC(CC)COC(CCCCC(OCC(CC)CCCC)=O)=O.CB(C)N(C)C,-3.45845709
Oc1cc(C)ccc1.CNC(C)=CC(c1ccccc1)=O,-15.68230148
CC1CCCC1.SCCCCCCCCC(C)(C)C,-9.9150919
Cc1ccccc1N(=O)=O.O=CN1CCCC1,-8.07045549
CCN(CC)C(C)=O.ON=C,-6.20965715
CC(C)(C)CC(C)CC(C)(C)CC(C)(C)C.COCC(C)=O,-3.56798328
Cc1cccc(C)c1C.C2CN1CCCC1=NC2,-7.92890774
CCCCOC(C)=O.CCC(CC)Nc(c(cc1C)N(=O)=O)c(c1C)N(=O)=O,-13.85753209
CCC(C)Cl.CCCC1CCCCC1=O,-7.74399737
OCCOCC.Cc1coc(C)c1F,-4.24942391
CCCCCCCCC=C.CCCC=CC(C)C,-4.73993746
CCCCC(C)=O.Fc1cn(C)c(=O)[nH]c1=O,-11.55905951
OCCCCC.NCC(O)(C)C,-8.05572916
CCNC=O.O=N(=O)C(COC(OCC(N(=O)=O)(N(=O)=O)N(=O)=O)(OCC(N(=O)=O)(N(=O)=O)N(=O)=O)OCC(N(=O)=O)(N(=O)=O)N(=O)=O)(N(=O)=O)N(=O)=O,-19.13695132
CCNC=O.CC(C)C(F)(C(F)(F)F)C(F)(F)F,-2.37017522
BrC(Br)Br.CN2C(c1ccccc1C2=O)=O,-10.23979688
CCCCCCCCC.COC(C)(C)C(F)F,-3.41604005
CCCCCC.O=C1NCC1,-4.12108578
OCCN.OC(=O)c(cc1cc2)oc1cc2,-13.33399233
CCCCCCC=C.FC(F)(F)C(F)(F)C(F)(O)C(F)(F)F,-3.46952799
O=S1(CCCC1)=O.CCOc1ccccc1N,-8.9556437
N#CCCCC#N.CCCCn1cccc1,-6.11851528
CC(C)(C)Cl.FC(F)C(F)C(F)(F)C(F)(F)C(F)(F)F,-3.28063137
COC.CCCCCCCCCCCCCCN1CCCC1=O,-15.84145333
OCCS.FCCC(F)(F)C(F)(F)CCF,-5.19724456
O(c2ccccc2)c1ccccc1.CC(C)COC(=O)C=C,-5.81262035
OCC.N#CC(c(c(F)c2F)c(F)c(F)c2F)c(c(F)c1F)c(F)c(F)c1C,-10.62250527
CCCCCCC.ClCCOc1ccccc1,-7.26920979
FC(F)(F)C(F)(F)C(F)(F)C(F)(F)C(F)(F)C(F)(F)C(F)(F)C(F)(F)F.CC(C)N=C=NC(C)C,-3.8920628
CCCC=O.OCCNN,-6.92938599
CN(C)P(=O)(N(C)C)N(C)C.CC(C)(C)N=Cc1ccc(cc1)N(=O)=O,-11.58704431
BrC(Br)Br.O=Nc1ccccc1N(=O)=O,-10.44905538
ClCCl.CC(=C1C)NC(=S)N1C,-14.28211674
ClCCCl.CCCCC(CC)COC(=O)C=C,-8.47858421
O=Cc1occc1.Cc(ccc1Cl)cc1N,-8.5719162
CCC(C)(C)C.CN1CCN(C)C1=O,-6.03141955
CC#N.C(CC1)CCC21CCCCC2,-5.34833081
COC(OC)=O.CCCCCC#C,-4.48015225
OCCCCO.C(CC1)CCN1SN2CCCCC2,-8.19287657
N#CCCCC#N.N=P(N3CCCC3)(N2CCCC2)N1CCCC1,-11.66507225
Oc1cc(C)ccc1.[H][H],0.54408504
COC.OC(C)c(cc1)ccc1C,-9.55053394
CCC1OC1.CCCCCCn1ccnc1,-10.11676226
CC(C)=O.CCC(Br)C(O)=O,-10.42981979
CCCBr.FC(F)(F)C(F)C(C)C(F)(F)F,-3.30481864
CC(C)c1ccccc1.COS(OC)(=O)=O,-7.07275788
OCc1ccccc1.CN1OCCC1=O,-7.58450423
CC(C)CCCC(C)CCCC(C)CCCCC(C)CCCC(C)CCCC(C)C.ClCCP(O)(O)=O,-5.88699271
OCCCC.CCC(C)c2c1ncccc1ccc2,-9.33778867
c2nc1ccccc1cc2.Cn1cccc1c2cccnc2,-10.67092547
OCCCCCCCCCC.FC(F)(F)C(F)(F)C(F)(F)C(F)(C)C(F)(F)F,-2.51566986
OCCCCCCC.FCOC(F)=C,-2.54529393
CN1CCCC1.FCCOC(F)(F)C,-4.21492119
OCCCCCCCCCCCC.FCOCOCCF,-4.06811752
CC1CCCCC1.OC(=O)Cc(ccc1)cc1C,-7.59594318
OCCCCCCCCC.FC(F)C(C)C(C)(C)C,-4.28033911
C#N.O=P1(O2)OP(OP2(O3)=O)(OP3(O1)=O)=O,-15.0755552
CCC=C.Nc1ccc(Br)cc1,-8.54221296
OCCCCC.Cc1ccc(C)c(C)c1C,-6.64556409
C#N.COP(OC)(OC)=S,-8.18229616
CCOCC.Oc2cccc3c2C(=O)c1ccccc1C3=O,-12.45876884
CCCC(C)C.CCCCn1cnnc1,-8.04774328
CCCC(C)CC.COc6ccc(cc6)N=P(N5CCCC5)(N4CCCC4)N=P(N3CCCC3)(N2CCCC2)N1CCCC1,-22.01569849
Clc2c1ccccc1ccc2.Cc1ccc(cc1)N(=O)=O,-8.38076699
C(C=Cc1cc2)c1cc2.O=c1[nH]c(cc[nH]1)=S,-11.13880109
CCCOCC(O)C.C=CC(OCCOC(=O)C=C)=O,-7.96507617
CCC(C)Cl.FCBr,-3.24386253
OCCc1ccccc1.Cc1cc(C)ncn1,-8.14182628
CCCCCCCCBr.CC(C)C(F)(F)Cl,-3.37703147
OCCCl.COc1ncccn1,-8.35247391
OCCCCCC.CCCCCCCCCCC1CCCCC1,-9.79261348
Clc1ccccc1.CC2=CC(c1ccccc1C2=O)=O,-10.14230307
C#N.CCCCCCCCCCC1CCCCC1,-9.96748514
CN1CCCC1=O.c(ccc2c1ccccc1o3)cc32,-9.528032
CC1OC(OC1)=O.CC(C)COC(C)=O,-4.93758879
CCC1OC1.CCCCCCCCCCCCC(=O)N1CCOCC1,-15.64751841
FC(F)(F)C(F)(F)C(F)(F)C(F)(F)C(F)(F)C(F)(F)C(F)(F)F.O=N(=O)c1cc(cc(c1)N(=O)=O)C(=O)N,-7.44661229
Cc1ccccc1.SCc1ccccn1,-7.88339573
CC(C)OC(C)C.CCCC(F)(F)C(F)(F)C(F)F,-4.46333557
COCCOCCOC.Fc1cccnc1,-5.41707327
N#CCCOCCC#N.FC(F)(F)C(F)(F)C(F)(F)C(F)(C(F)(F)F)C(F)(F)F,1.00446786
CCCC(C)CC.CC(C)(C)N(=O)=O,-4.24051062
CCNC=O.CSBr,-4.43647584
OC(C)=O.CC1CC(C)CC(C)C1,-3.75077741
CCN(CC)C(C)=O.OCCOCCOCCCCCC,-9.8672492
CCCCC.O=C(Nc1ccccc1)Nc2snnc2,-13.20285347
ClC(Cl)C(Cl)Cl.ClCCC(C)=O,-6.83010018
ClB(Cl)Cl.CC1=CC=C(CC1)C(C)=C,-7.16718221
CCCCCCCCC=C.c(ccc1nc2)nc1cc2,-7.47372954
CCCCCCCCC=C.Cc1ccc(cc1)N(=O)=O,-7.12370997
OCCCCCC.CC(C)(OC3CC1(CC4C2(C)C)C2CCC1C)OC43C,-11.78762348
CC(C)=O.CCOC(=O)C(C#N)c(c(F)c1F)c(F)c(F)c1C(F)(F)F,-10.93986541
CCCCNCCCC.OC(=O)c(ccc1N)cc1C,-13.70373059
CO.CCCC(=O)C=C,-5.61132958
CCCCCCOC(C)=O.CC1CCC(CC1)C(C)(C)OC(C)=O,-8.74857673
CCCC.FC=C(F)Br,-2.66215029
ClCBr.ClCCN(C)C,-6.11700801
CCCCCCCCBr.OC(COc(cc1)ccc1C)=O,-9.79395641
C(CC1)CCC1C2CCCCC2.OCCOCCO,-5.30732477
COCCOC.CCCC(F)(F)CC,-4.46513799
NC(C)C.Cc1cc(Br)ccc1,-6.7905206
CCCCCCOC(C)=O.CC(C)C1OC(C)(C)OCC1(C)C,-7.38586308
OC(C)(C)C.CSC(C)C,-4.17139913
CCOC(CCC)=O.FCC(F)(C)C(F)(F)Cl,-4.36768533
CCOC(C)=O.COCCCC(F)(F)F,-4.52253913
OCCOCCO.Cc1ccc(S)cc1,-6.58638873
Clc2c1ccccc1ccc2.CCCCC(C#N)c1ccccc1,-10.35565104
OCCC.O=CCCCC=O,-6.69068573
COCOC.ONC(c(ccc1)cc1N(=O)=O)=O,-13.947523
OCCS.FC(F)(F)C(F)(C(F)(F)F)C=O,-1.83940769
CCC(O)(C)C.FCCCBr,-4.44055074
CCCCc1ccccc1.FC(F)C(F)(F)C(F)(C)Cl,-3.67522053
CC(=O)c1ccccc1.CCCSC(C)C,-5.62951399
BrCCBr.CCCCN(CCCC)C=O,-10.14020612
O=CN.ClC(Cl)(C#N)C#N,-3.37130584
COC(CC#N)=O.FC(F)(C)C(F)(O)C,-6.1153586
OCCCCCC.FC(C)C(F)(F)C(F)(F)O,-8.58222701
OCCCO.CCCCCCCCCc2c1ccccc1ccc2,-9.35318215
CC(C)=C.CC(C)(C)C(C)=O,-5.10027934
CS(C)=O.Fc1ccccc1F,-4.12542353
CC(Br)Br.FCCNC,-4.00723701
CCC(C)Cl.O=C1CCCC1,-5.54412731
CI.CNCC(F)(F)F,-3.7700655
N1CCCCC1.Cc2cccc3c2n1cnnc1s3,-13.69916833
CCCCOCCCC.Cc1ccccn1=O,-6.38960929
n1ccccc1.Cc1ccc(cc1)S(=O)(=O)NS(c(cc2)ccc2C)(=O)=O,-23.44659581
COP(OC)(OC)=O.CCCCCCCC=CC=O,-7.90606529
ClC(Cl)C(Cl)Cl.FC(F)(F)C(Cl)=C(F)F,-2.02840775
CCC(C)CC.FCC(C)(C)OC,-3.59525587
OCc1ccccc1.O(C2)CC1CCC2CC1,-6.22219677
C#N.CC(C)CC(Cl)=O,-6.14549828
CCC=C.CC(C)CCC(C)(C)C,-5.62727352
OCCC(O)C.CCCCCCCOC(=O)c1ccccc1C(OCCCCCCC)=O,-13.80637479
Cc1nc(C)ccc1.FC(F)(F)CC(F)C(F)(F)F,-2.67388766
Fc1ccccc1.NCc1cc(Cl)ccc1,-7.88491651
CCOC(CCC)=O.O=C1CCCCO1,-7.47216431
CCCCCCCCCCCCCCC=C.Brc2ccc(cc2)N=C(C)Nc1ccccc1,-13.72591301
OC(C)=O.CCS(CC)(=O)=O,-10.41415174
OCCC.SC(=S)N1CCNCC1,-11.45221906
Cc1ccccc1.CSCl,-3.83320804
OCCCO.FC(F)C(F)C(F)(C)Cl,-3.43591844
CC(CC(C)=O)=O.CCCCC(=O)N(C)C,-7.36441329
COC(C)=O.CCC(CC)C(C)(C)C,-4.20242926
CC(C)C(C)C.OC(C)(C)C(C)=O,-4.56343674
OCCC(O)C.Cc1ccc(cc1)S(=O)c(cc2)ccc2C,-12.78155677
OC(C)(C)C.Cc(ccc1N=CN(C)C=Nc2ccc(C)cc2C)cc1C,-15.28783608
OC(C)=O.Nc1ccccc1N,-10.5416947
BrCCBr.FC(O)=C,-3.02916051
O(Cc2ccccc2)Cc1ccccc1.COC=CC=C,-4.07470863
CCCCc1ccccc1.CNC(C(C)C)C(F)(F)F,-4.64144572
N1CCCC1.COCC(C(F)(F)F)C(F)(F)F,-4.54844431
CC1CCCCC1.CC1CCCCC1=O,-5.56573291
NCCCN.Fc1cc(F)c(F)c(Nc(c(F)c2F)c(F)c(F)c2F)c1F,-11.59747336
CN(C)P(=O)(N(C)C)N(C)C.CCC1(C)CC(=O)NC(C1)=O,-11.99068828
COCCOCCO.C1NCCCNCCNCCCNC1,-13.56130759
C1CCCC1.COCCOCCOCCOCCOCCOCCOCCOCCOCCOC,-20.1879139
CO.C(C1)CC2C=CCC1C2,-4.70242519
CC(=C)C#C.C2Nc1ccccc1NC2,-9.48445314
CCCCCCCCCCCCCCC=C.O=S(Cc2ccccc2)(Cc1ccccc1)=O,-11.37447731
C1CCCCC1.FC(F)(F)P(O)C(F)(F)F,-2.61146972
CCCCCC#N.Nc2ccc(Nc1ccccc1)cc2,-14.28149711
CCOc1ccccc1.O=N(=O)C(COCOCC(N(=O)=O)(N(=O)=O)N(=O)=O)(N(=O)=O)N(=O)=O,-12.40078958
c1cscc1.CCNC(=O)NCC,-9.43762605
Cc1ccccc1.IC=C,-3.95430657
C1OC1.OC(C)(C)CCCC(C)CC(n2ccc4c2cccc4)n1ccc3c1cccc3,-24.40613522
C(CCc1cc2)Cc1cc2.CCOC1CCC(CC1)C(C)(C)CC,-9.1889515
CCCCN(CCCC)C=O.Oc2cc1CCCCc1cc2,-11.87034683
CCC(C)=O.FCCN(C)C(C)(C)C,-5.54180999
CC1OC(OC1)=O.CC(C)OC(C)c(cc1)ccc1C,-6.74801932
O=N(c1ccccc1)=O.Ic1ccccc1,-7.15263793
OCCCC.COc(cc1)ccc1O,-10.05080089
COC(OC)=O.c(ccc1c(ccc3)c2c3c4)cc1c2cc4,-11.60099096
CC(CC(C)=O)=O.CC(=O)c1cnccn1,-7.62247239
CCC(C)=O.SCCOCCS,-8.42784467
ClC(Cl)Cl.CCC(C)C(OCCC=CCC)=O,-9.1754299
CN1CCCC1=O.Brc1ccc(cc1)N=C(C)N(C)c(cc2)ccc2Br,-17.186679
CCN(CC)CC.O=CNc1ccccc1,-9.28811939
CN1CCCC1=O.CC(C)(C)c1sc(nn1)N(C)C(=O)NC,-15.4100425
CCCCCCCCCCCCCCC=C.CC(CCC=C(C)C)CCOC(=O)C(C)=CC,-10.28404948
O1CCCCC1.O=N(=O)c1cc(cc(c1)N(=O)=O)N(=O)=O,-11.77496348
c2nc1ccccc1cc2.OCC(O)CS,-9.68607101
CC(C)C.O=N(OCCON(=O)=O)=O,-5.25533108
FC(F)(F)C(F)(F)C(F)(F)F.C(C(CC5C2C94)CC72C8C3C6CC(CC4C6C7)CC93CC51)C81,-9.85997831
CI.O(C2)CC1CCC2CC1,-6.51165697
CCCC.CCOC(C(C)C)=O,-4.75476418
CCN(CC)CC.FCC(=O)NC,-4.5500177
CCCCCCCCCC.COC(OC)OC,-3.55813524
CCOc1ccccc1.FCC(F)(Br)C(F)(F)F,-3.46118744
CCC(C)(C)C.C=C1CCC1,-3.03028104
OC(C)=O.FC(F)(CC1(F)F)C(F)C1(F)F,-3.70137694
CCCCOC(=O)c1ccccc1C(OCCCC)=O.c(ccc1nc2ccccc2n3)cc31,-10.49777457
CCCBr.CC1(CCC=C(C)C)C2CC1CC=C2C,-9.20405872
CN1CCCC1.O=C(Oc1ccccc1)N,-10.69802491
O=N(c1ccccc1)=O.CC(C)(C)N=Cc1ccccc1,-8.22194063
N1CCCCC1.Clc1ccn(cc1)=O,-7.48729916
CCCCCCOC(C)=O.FC(F)C(F)C(F)(C)Cl,-4.59368843
CCCCOC(C)=O.CC(C)OC(=O)Cc1ccccc1,-9.01576399
ClC(Cl)Cl.CCC2(CCC(=O)NC2=O)c1ccccc1,-13.53974028
n1ccccc1.CSBr,-4.81253403
COCOC.Oc1cc(C)cc(C)c1,-9.69579839
ClC(Cl)(Cl)Cl.CCn1cccc1,-5.55309327
OCCOCCO.OC(=O)c(cc1C)cc(C)c1C,-11.41056749
CCCCCCCCCC.FCC(F)(C)C(F)(F)F,-2.19961549
CC#N.CC(C)CCCC=C,-3.66005207
c1cscc1.Fc1ccc(cc1)NC(C)=O,-10.4694142
CCC(C)=C.CC(CC(OCC=C)=O)=O,-7.28633759
Clc2c1ccccc1ccc2.FC(C)C(F)(C)C(F)(F)F,-3.34030859
CNC=O.Brc1cc(ccc1)N(=O)=O,-8.56104826
COCCOCCO.CCC(N)C(C)C,-5.32023532
OCCCO.FC(F)C(Cl)(Cl)C(F)F,-3.14687907
NCC.FC(F)(F)C(C(F)(F)F)OC(C(F)(F)F)=O,-4.87384236
CC(C)C.OOC(C)(C)C,-3.82617464
Clc2c1ccccc1ccc2.CCCCCCCCC(=O)N,-9.81870518
OCCCCO.FC(C)C(N)C,-5.55289169
NCCCN(C)C.FC(F)C(F)C(F)C(C(F)(F)F)C(F)(F)F,-8.02604598
ClCC(C)C.CCCC(C)C(F)(F)C,-5.13890599
CCOC(C)=O.FC1CCCC1,-3.97938178
OCC1CCCO1.CN2c1ccccc1C=CC2=O,-10.82381932
